{"cameraMode":{"drawMode":0,"name":"Shaded","section":"Shading Mode"},"sceneLighting":true,"audioPlay":false,"sceneViewState":{"showFog":true,"showMaterialUpdate":false,"showSkybox":true,"showFlares":true,"showImageEffects":true,"showParticleSystems":true},"in2DMode":false,"pivot":{"x":4.633809566497803,"y":2.9066057205200197,"z":-18.468008041381837},"rotation":{"x":0.0239397119730711,"y":-0.3747175633907318,"z":0.009637968614697457,"w":0.9268109798431397},"size":22.0,"orthographic":false}